{"cameraMode":{"drawMode":0,"name":"Shaded","section":"Shading Mode"},"sceneLighting":false,"audioPlay":false,"sceneViewState":{"showFog":true,"showMaterialUpdate":false,"showSkybox":false,"showFlares":true,"showImageEffects":true,"showParticleSystems":true,"showVisualEffectGraphs":true,"m_FxEnabled":true},"in2DMode":false,"pivot":{"x":-0.0007638335227966309,"y":-0.09660440683364868,"z":0.0007742047309875488},"rotation":{"x":0.24738380312919618,"y":-0.19460387527942658,"z":0.05079203099012375,"w":0.9478103518486023},"size":0.6486608982086182,"orthographic":false}