{"cameraMode":{"drawMode":0,"name":"Shaded","section":"Shading Mode"},"sceneLighting":false,"audioPlay":false,"sceneViewState":{"showFog":true,"showMaterialUpdate":false,"showSkybox":false,"showFlares":true,"showImageEffects":true,"showParticleSystems":true,"showVisualEffectGraphs":true,"m_FxEnabled":true},"in2DMode":false,"pivot":{"x":0.8112530708312988,"y":-0.030292868614196779,"z":0.00267183780670166},"rotation":{"x":0.34637826681137087,"y":-0.05343510955572128,"z":0.019765499979257585,"w":0.936359703540802},"size":0.4644416868686676,"orthographic":false}