{"cameraMode":{"drawMode":0,"name":"Shaded","section":"Shading Mode"},"sceneLighting":false,"audioPlay":false,"sceneViewState":{"showFog":true,"showMaterialUpdate":false,"showSkybox":false,"showFlares":true,"showImageEffects":true,"showParticleSystems":true,"showVisualEffectGraphs":true,"m_FxEnabled":true},"in2DMode":false,"pivot":{"x":-186.15121459960938,"y":15.240062713623047,"z":-193.0516357421875},"rotation":{"x":0.5307999849319458,"y":0.025146091356873514,"z":-0.015753645449876787,"w":0.8469915986061096},"size":0.5022924542427063,"orthographic":false}