{"cameraMode":{"drawMode":0,"name":"Shaded","section":"Shading Mode"},"sceneLighting":false,"audioPlay":false,"sceneViewState":{"showFog":true,"showMaterialUpdate":false,"showSkybox":false,"showFlares":true,"showImageEffects":true,"showParticleSystems":true,"showVisualEffectGraphs":true,"m_FxEnabled":true},"in2DMode":false,"pivot":{"x":-0.04166692495346069,"y":-0.2539037764072418,"z":0.10833251476287842},"rotation":{"x":0.34637826681137087,"y":-0.05343510955572128,"z":0.019765499979257585,"w":0.936359703540802},"size":0.22002172470092774,"orthographic":false}