{"cameraMode":{"drawMode":0,"name":"Shaded","section":"Shading Mode"},"sceneLighting":false,"audioPlay":false,"sceneViewState":{"showFog":true,"showMaterialUpdate":false,"showSkybox":false,"showFlares":true,"showImageEffects":true,"showParticleSystems":true,"showVisualEffectGraphs":true,"m_FxEnabled":true},"in2DMode":false,"pivot":{"x":700.1749877929688,"y":458.9412536621094,"z":-7.1907501220703129},"rotation":{"x":0.033303648233413699,"y":0.01316989678889513,"z":-0.00043405010364949703,"w":0.9993704557418823},"size":164.60902404785157,"orthographic":false}