{"cameraMode":{"drawMode":0,"name":"Shaded","section":"Shading Mode"},"sceneLighting":false,"audioPlay":false,"sceneViewState":{"showFog":true,"showMaterialUpdate":false,"showSkybox":false,"showFlares":true,"showImageEffects":true,"showParticleSystems":true,"showVisualEffectGraphs":true,"m_FxEnabled":true},"in2DMode":false,"pivot":{"x":-0.011216819286346436,"y":0.00006264075636863708,"z":0.018366575241088868},"rotation":{"x":0.15715447068214417,"y":0.008570176549255848,"z":-0.0013591310707852245,"w":0.9875475764274597},"size":0.502295732498169,"orthographic":false}